<?xml version="1.0" encoding="UTF-8"?>
<!DOCTYPE mapper
	PUBLIC "-//mybatis.org//DTD Mapper 3.0//EN"
	"http://mybatis.org/dtd/mybatis-3-mapper.dtd">
<mapper namespace="com.suyeon.mapper.BoardMapper">
	<select id="list" resultType="com.suyeon.dto.BoardDto">
		select * from spring_board where category = #{category};
	</select>
	<select id="read" resultType="com.suyeon.dto.BoardDto">
		select * from spring_board where num = #{num};
	</select>
	<update id="viewCount">
		update spring_board set hits = hits+1 where num = #{num};
	</update>
	<delete id="del">
	delete from spring_board where num = #{num};
	</delete>
	<insert id="write">
	insert into tbl_guest (btext) values (#{btext})
		insert into spring_board (title, content) values (#{title}, #{content})
	</insert>
</mapper>